firstname,lastname,email,profession,age,salary
Diena,Roxanna,Diena.Roxanna@yopmail.com,firefighter,62,7448.25
Giustina,Lucienne,Giustina.Lucienne@yopmail.com,firefighter,19,2904.92
Selma,Helfand,Selma.Helfand@yopmail.com,firefighter,10,8839.76
Carilyn,Saree,Carilyn.Saree@yopmail.com,doctor,29,7903.98
Leeanne,Sasnett,Leeanne.Sasnett@yopmail.com,developer,70,2663.02
Fred,Stover,Fred.Stover@yopmail.com,police officer,66,3999.89
Inga,Tayib,Inga.Tayib@yopmail.com,doctor,34,5429.71
Fayre,Kolnick,Fayre.Kolnick@yopmail.com,worker,68,6024.68
Courtnay,Louanna,Courtnay.Louanna@yopmail.com,developer,25,2063.02
Raf,Ledah,Raf.Ledah@yopmail.com,developer,67,3872.99
Charissa,Braun,Charissa.Braun@yopmail.com,firefighter,17,5848.91
Monika,Randene,Monika.Randene@yopmail.com,developer,20,7025.99
Kellen,Telfer,Kellen.Telfer@yopmail.com,worker,27,1821.12
Nita,Rozanna,Nita.Rozanna@yopmail.com,developer,79,7179.71
Georgina,Leonard,Georgina.Leonard@yopmail.com,police officer,55,4419.22
Maurene,Crudden,Maurene.Crudden@yopmail.com,firefighter,46,2046.75
Ninnetta,Mike,Ninnetta.Mike@yopmail.com,developer,3,6709.83
Monika,Sallyann,Monika.Sallyann@yopmail.com,police officer,24,7524.12
Sidoney,Hubert,Sidoney.Hubert@yopmail.com,police officer,88,3215.26
Malina,Kravits,Malina.Kravits@yopmail.com,firefighter,85,3197.89
Sonni,Talia,Sonni.Talia@yopmail.com,worker,43,3486.36
Ada,Rad,Ada.Rad@yopmail.com,developer,42,4306.42
Tiffie,Claudine,Tiffie.Claudine@yopmail.com,police officer,4,1061.79
Rosanne,Anton,Rosanne.Anton@yopmail.com,worker,46,5790.68
Olivette,Pond,Olivette.Pond@yopmail.com,worker,8,6923.62
Emylee,Kellby,Emylee.Kellby@yopmail.com,worker,54,3774.65
Lexine,Even,Lexine.Even@yopmail.com,developer,56,4120.57
Brandise,Jagir,Brandise.Jagir@yopmail.com,developer,56,2554.4
Belinda,Herrera,Belinda.Herrera@yopmail.com,doctor,65,3514.28
Jemie,Tatianas,Jemie.Tatianas@yopmail.com,firefighter,79,1453.6
Concettina,Buttaro,Concettina.Buttaro@yopmail.com,worker,15,1003.07
Vinita,Gwenore,Vinita.Gwenore@yopmail.com,firefighter,43,7966.66
Emylee,Valerio,Emylee.Valerio@yopmail.com,doctor,90,3649.11
Charissa,Raffo,Charissa.Raffo@yopmail.com,firefighter,90,2947.4
Camile,Toni,Camile.Toni@yopmail.com,firefighter,70,8484.57
Sam,Israeli,Sam.Israeli@yopmail.com,worker,33,6322.55
Brianna,Durante,Brianna.Durante@yopmail.com,doctor,95,3196.69
Nessie,Elisha,Nessie.Elisha@yopmail.com,doctor,57,3432.98
Riannon,Ingra,Riannon.Ingra@yopmail.com,worker,70,9028.67
Marguerite,Presber,Marguerite.Presber@yopmail.com,developer,80,3245
Eve,Kylander,Eve.Kylander@yopmail.com,doctor,4,4531.15
Basia,Bronk,Basia.Bronk@yopmail.com,doctor,2,1334.08
Arlena,Kellby,Arlena.Kellby@yopmail.com,doctor,66,1433.24
Andeee,Gino,Andeee.Gino@yopmail.com,worker,83,7368.95
Ulrike,Tomasina,Ulrike.Tomasina@yopmail.com,worker,21,1224.31
Latisha,Michella,Latisha.Michella@yopmail.com,doctor,82,1083.07
Clarice,Madelene,Clarice.Madelene@yopmail.com,firefighter,22,8863.58
Veda,Mallon,Veda.Mallon@yopmail.com,developer,68,2596.78
Iseabal,Rurik,Iseabal.Rurik@yopmail.com,police officer,29,4901.6
Jasmina,Loleta,Jasmina.Loleta@yopmail.com,developer,76,9847.26
Lacie,Medrek,Lacie.Medrek@yopmail.com,developer,98,6533.89
Sean,Jena,Sean.Jena@yopmail.com,developer,64,9499.42
Candi,Herrera,Candi.Herrera@yopmail.com,police officer,11,2333.68
Kassey,Waite,Kassey.Waite@yopmail.com,firefighter,22,8052.19
Jackie,Forrer,Jackie.Forrer@yopmail.com,doctor,20,2296.17
Demetris,Dichy,Demetris.Dichy@yopmail.com,police officer,11,4855
Kimberley,Sabella,Kimberley.Sabella@yopmail.com,police officer,87,7202.04
Starla,Krystle,Starla.Krystle@yopmail.com,firefighter,13,1780.59
Elsie,Gusella,Elsie.Gusella@yopmail.com,firefighter,3,8372.85
Dorene,Alisia,Dorene.Alisia@yopmail.com,doctor,57,5386.48
Brana,Corrine,Brana.Corrine@yopmail.com,firefighter,86,1796.02
Kaia,Stefa,Kaia.Stefa@yopmail.com,doctor,33,9599.68
Brooks,Vivle,Brooks.Vivle@yopmail.com,doctor,34,2101.16
Rozele,Chem,Rozele.Chem@yopmail.com,police officer,64,6963.32
Kary,Garek,Kary.Garek@yopmail.com,worker,96,2655.26
Corry,Stelle,Corry.Stelle@yopmail.com,firefighter,50,9102.62
Margette,Jagir,Margette.Jagir@yopmail.com,police officer,38,8300.19
Dorothy,Rosette,Dorothy.Rosette@yopmail.com,worker,90,1824.85
Fredericka,Ogren,Fredericka.Ogren@yopmail.com,developer,57,9562.13
Karena,Llovera,Karena.Llovera@yopmail.com,developer,8,4583.42
Concettina,Luhe,Concettina.Luhe@yopmail.com,doctor,8,9170.34
Belva,Parsaye,Belva.Parsaye@yopmail.com,police officer,35,7195.63
Sibella,Hertzfeld,Sibella.Hertzfeld@yopmail.com,firefighter,54,3423.7
Beth,Truc,Beth.Truc@yopmail.com,firefighter,37,2040.79
Lulita,Rooney,Lulita.Rooney@yopmail.com,doctor,96,9085.19
Chloris,Dominy,Chloris.Dominy@yopmail.com,firefighter,20,1768.52
Taffy,Sancho,Taffy.Sancho@yopmail.com,doctor,26,6116.62
Britni,Naashom,Britni.Naashom@yopmail.com,firefighter,28,4854.86
Elise,Merell,Elise.Merell@yopmail.com,developer,57,4544.04
Winny,Tufts,Winny.Tufts@yopmail.com,developer,75,1481.87
Bobbi,Wareing,Bobbi.Wareing@yopmail.com,police officer,94,1072.42
Charmaine,Joli,Charmaine.Joli@yopmail.com,developer,75,5236.23
Renae,Dominy,Renae.Dominy@yopmail.com,worker,72,4677.84
Carly,Goode,Carly.Goode@yopmail.com,police officer,47,8980.24
Lyssa,Bohlin,Lyssa.Bohlin@yopmail.com,doctor,84,2962.1
Korrie,Janith,Korrie.Janith@yopmail.com,doctor,7,8152
Corene,Jotham,Corene.Jotham@yopmail.com,firefighter,45,5218.78
Vanessa,Morehouse,Vanessa.Morehouse@yopmail.com,developer,40,9158.74
Ofilia,Pelagias,Ofilia.Pelagias@yopmail.com,police officer,62,3597.45
Kristan,Audly,Kristan.Audly@yopmail.com,police officer,28,6121.72
Deedee,Fabiola,Deedee.Fabiola@yopmail.com,police officer,51,8767.27
Brietta,Wesle,Brietta.Wesle@yopmail.com,police officer,72,7821.71
Merci,Alisia,Merci.Alisia@yopmail.com,worker,8,7379.5
Amii,Peti,Amii.Peti@yopmail.com,firefighter,9,6486.58
Maud,Greenwald,Maud.Greenwald@yopmail.com,worker,38,3806.49
Beverley,Giule,Beverley.Giule@yopmail.com,firefighter,48,2811.96
Carolina,Waldron,Carolina.Waldron@yopmail.com,worker,40,1419.05
Ezmeralda,Wenoa,Ezmeralda.Wenoa@yopmail.com,worker,17,4758.35
Thalia,Ursulette,Thalia.Ursulette@yopmail.com,firefighter,1,8712.35
Nikki,Daegal,Nikki.Daegal@yopmail.com,worker,69,2678.76
Rayna,Amethist,Rayna.Amethist@yopmail.com,firefighter,7,1843.93
Roxane,Schlosser,Roxane.Schlosser@yopmail.com,worker,37,2741.44
Sherrie,Tound,Sherrie.Tound@yopmail.com,developer,90,9246.59
Ellette,Monaco,Ellette.Monaco@yopmail.com,firefighter,1,7091
Charmaine,Haymes,Charmaine.Haymes@yopmail.com,doctor,42,5727.37
Cathyleen,Center,Cathyleen.Center@yopmail.com,doctor,59,6826.84
Nonnah,Fleeta,Nonnah.Fleeta@yopmail.com,police officer,97,4378.3
Valeda,Buckler,Valeda.Buckler@yopmail.com,firefighter,33,9746.4
Anthia,Cadmar,Anthia.Cadmar@yopmail.com,doctor,44,7830.09
Merrie,Alwin,Merrie.Alwin@yopmail.com,developer,41,5422.03
Sadie,Allys,Sadie.Allys@yopmail.com,doctor,17,9577.05
Tina,Si,Tina.Si@yopmail.com,worker,13,7796.83
Donetta,Trinetta,Donetta.Trinetta@yopmail.com,developer,45,9852.35
Cecile,Ioab,Cecile.Ioab@yopmail.com,doctor,88,3645.42
Ingrid,Leler,Ingrid.Leler@yopmail.com,police officer,76,9243.62
Helena,Uund,Helena.Uund@yopmail.com,police officer,97,5726.74
Riannon,Lynn,Riannon.Lynn@yopmail.com,doctor,13,1057.32
Nicoli,Bebe,Nicoli.Bebe@yopmail.com,developer,95,9412.93
Bee,Selway,Bee.Selway@yopmail.com,developer,73,4362.41
Carly,Henrie,Carly.Henrie@yopmail.com,worker,74,1155.4
Corina,Maroney,Corina.Maroney@yopmail.com,firefighter,51,1649.35
Jenda,Lytton,Jenda.Lytton@yopmail.com,firefighter,92,6223.25
Nita,Jena,Nita.Jena@yopmail.com,worker,47,9545.38
Kaja,Honoria,Kaja.Honoria@yopmail.com,police officer,81,4792.56
Hallie,Longfellow,Hallie.Longfellow@yopmail.com,firefighter,31,4389.17
Dorice,Sacken,Dorice.Sacken@yopmail.com,developer,81,2920.14
Rivalee,Hutchison,Rivalee.Hutchison@yopmail.com,firefighter,59,9452.72
Tonia,Hebner,Tonia.Hebner@yopmail.com,police officer,73,5463.51
Gabriellia,Callista,Gabriellia.Callista@yopmail.com,developer,7,1746.29
Renie,Gower,Renie.Gower@yopmail.com,doctor,86,9275.57
Dulce,Hessler,Dulce.Hessler@yopmail.com,worker,82,7016.51
Carlie,Capello,Carlie.Capello@yopmail.com,doctor,57,6126.14
Antonietta,Chrystel,Antonietta.Chrystel@yopmail.com,doctor,69,7181.88
Nickie,Reinke,Nickie.Reinke@yopmail.com,firefighter,93,6237.94
Sadie,Hebner,Sadie.Hebner@yopmail.com,police officer,43,4393.26
Ulrike,Edison,Ulrike.Edison@yopmail.com,doctor,8,8164.84
Vanessa,Anselmi,Vanessa.Anselmi@yopmail.com,firefighter,23,4987.67
Johna,Judye,Johna.Judye@yopmail.com,doctor,32,9398.84
Anthia,Erlandson,Anthia.Erlandson@yopmail.com,police officer,47,9543.24
Madeleine,Raffo,Madeleine.Raffo@yopmail.com,developer,91,2089.45
Tobe,Beniamino,Tobe.Beniamino@yopmail.com,firefighter,82,9790.63
Eadie,Lorenz,Eadie.Lorenz@yopmail.com,doctor,79,2815.28
Almeta,Weaks,Almeta.Weaks@yopmail.com,doctor,19,3987.95
Caritta,Ethban,Caritta.Ethban@yopmail.com,doctor,40,2943.7
Merry,Vary,Merry.Vary@yopmail.com,developer,41,3318.35
Jany,Sparhawk,Jany.Sparhawk@yopmail.com,police officer,27,2584.3
Genevra,Tamar,Genevra.Tamar@yopmail.com,developer,21,2932.59
Stevana,Zaslow,Stevana.Zaslow@yopmail.com,doctor,6,4699.19
Roseline,Emmaline,Roseline.Emmaline@yopmail.com,police officer,29,1601.55
Devina,Xerxes,Devina.Xerxes@yopmail.com,doctor,49,1717.13
Loree,Pillsbury,Loree.Pillsbury@yopmail.com,developer,57,7742.73
Shell,Vittoria,Shell.Vittoria@yopmail.com,worker,57,6217.93
Di,Maisey,Di.Maisey@yopmail.com,police officer,21,3566.26
Libbie,Sharl,Libbie.Sharl@yopmail.com,police officer,8,8439.95
Mireielle,Alfons,Mireielle.Alfons@yopmail.com,doctor,94,3719.15
Phedra,Brieta,Phedra.Brieta@yopmail.com,doctor,70,6989.88
Olivette,Byrne,Olivette.Byrne@yopmail.com,police officer,78,5866.3
Hallie,Toni,Hallie.Toni@yopmail.com,police officer,1,4569.52
Fred,Wyn,Fred.Wyn@yopmail.com,developer,50,9487.78
Yolane,Pierette,Yolane.Pierette@yopmail.com,worker,55,5843.27
Daryl,Juliet,Daryl.Juliet@yopmail.com,doctor,13,9612.89
Ashlee,Ivens,Ashlee.Ivens@yopmail.com,worker,4,5751.59
Jorry,Fillbert,Jorry.Fillbert@yopmail.com,developer,94,6114.83
Fred,Hull,Fred.Hull@yopmail.com,doctor,2,8908.27
Dagmar,Kosey,Dagmar.Kosey@yopmail.com,firefighter,62,6595.35
Roberta,Darian,Roberta.Darian@yopmail.com,worker,85,2937.1
Ginnie,Breed,Ginnie.Breed@yopmail.com,worker,76,8747.95
Roslyn,Caitlin,Roslyn.Caitlin@yopmail.com,worker,86,3859.98
Caritta,Docilla,Caritta.Docilla@yopmail.com,firefighter,47,4160.47
Alia,Weinreb,Alia.Weinreb@yopmail.com,police officer,61,1505.6
Leeanne,Lattie,Leeanne.Lattie@yopmail.com,police officer,42,4289.95
Isa,Raffo,Isa.Raffo@yopmail.com,doctor,85,9460.2
Dorothy,Bertold,Dorothy.Bertold@yopmail.com,police officer,87,3020.87
Verla,Stoller,Verla.Stoller@yopmail.com,police officer,78,2515.26
Cassondra,Evangelia,Cassondra.Evangelia@yopmail.com,police officer,94,4715.9
Tani,Elsinore,Tani.Elsinore@yopmail.com,doctor,68,2831.15
Harmonia,Saunderson,Harmonia.Saunderson@yopmail.com,police officer,48,6414.25
Andeee,Love,Andeee.Love@yopmail.com,police officer,8,8203.07
Julieta,Eugenia,Julieta.Eugenia@yopmail.com,developer,39,7034.08
Carree,Rugen,Carree.Rugen@yopmail.com,worker,3,9554.27
Queenie,Honoria,Queenie.Honoria@yopmail.com,developer,48,2761.69
Merry,Michella,Merry.Michella@yopmail.com,police officer,67,7259.43
Jessamyn,Brittani,Jessamyn.Brittani@yopmail.com,doctor,9,5836.58
Jsandye,Viddah,Jsandye.Viddah@yopmail.com,police officer,92,9763.39
Brana,Wildermuth,Brana.Wildermuth@yopmail.com,police officer,89,1013.46
Nadine,Brieta,Nadine.Brieta@yopmail.com,firefighter,56,4019.11
Jere,Wareing,Jere.Wareing@yopmail.com,police officer,3,5510.19
Maridel,Travax,Maridel.Travax@yopmail.com,developer,52,6390.57
Imojean,Dowski,Imojean.Dowski@yopmail.com,developer,52,7209.37
Gusella,Alexandr,Gusella.Alexandr@yopmail.com,developer,49,2234.07
Vanessa,Iaverne,Vanessa.Iaverne@yopmail.com,worker,81,3178.22
Molli,Vastah,Molli.Vastah@yopmail.com,doctor,29,7909.63
Carlie,Sherfield,Carlie.Sherfield@yopmail.com,police officer,60,5273.07
Livvyy,Suzetta,Livvyy.Suzetta@yopmail.com,firefighter,95,6581.68
Reeba,Ruvolo,Reeba.Ruvolo@yopmail.com,firefighter,82,3495.95
Antonietta,Shirberg,Antonietta.Shirberg@yopmail.com,doctor,46,1799.49
Consuela,Nicoline,Consuela.Nicoline@yopmail.com,firefighter,78,1353.66
Karlee,Lorenz,Karlee.Lorenz@yopmail.com,developer,23,6287.47
Ottilie,Juliet,Ottilie.Juliet@yopmail.com,developer,70,1392.09
Brana,Rillings,Brana.Rillings@yopmail.com,police officer,74,2501.96
Ulrike,Mozelle,Ulrike.Mozelle@yopmail.com,worker,66,5792.51
Thalia,Marisa,Thalia.Marisa@yopmail.com,worker,1,1306.94
Jacquetta,Dituri,Jacquetta.Dituri@yopmail.com,police officer,26,9060.92
Cristine,Han,Cristine.Han@yopmail.com,firefighter,48,5964.15
Jordan,Toffic,Jordan.Toffic@yopmail.com,firefighter,78,9530.68
Myrtice,Gale,Myrtice.Gale@yopmail.com,police officer,9,5834.15
Romona,Dalli,Romona.Dalli@yopmail.com,doctor,1,6743.95
Judy,Pattin,Judy.Pattin@yopmail.com,doctor,54,3730.31
Orsola,Pulsifer,Orsola.Pulsifer@yopmail.com,police officer,55,6231.15
Brana,Rooney,Brana.Rooney@yopmail.com,doctor,12,3460.45
Vere,Lipson,Vere.Lipson@yopmail.com,doctor,45,1291.43
Mathilda,Hanleigh,Mathilda.Hanleigh@yopmail.com,developer,85,7161.97
Chickie,Vary,Chickie.Vary@yopmail.com,developer,5,1204.51
Alia,Pyle,Alia.Pyle@yopmail.com,developer,58,1113.52
Kenna,Blake,Kenna.Blake@yopmail.com,developer,65,4177.88
Tierney,Wattenberg,Tierney.Wattenberg@yopmail.com,firefighter,47,1332.41
Kirbee,Graig,Kirbee.Graig@yopmail.com,firefighter,92,5168.49
Madalyn,Longfellow,Madalyn.Longfellow@yopmail.com,firefighter,83,1814.35
Emma,Bigner,Emma.Bigner@yopmail.com,doctor,77,8091.07
Elbertina,Truc,Elbertina.Truc@yopmail.com,worker,48,2859.11
Drucie,Levey,Drucie.Levey@yopmail.com,police officer,62,5452.47
Jorry,Corrine,Jorry.Corrine@yopmail.com,worker,30,3198.11
Minne,Rosemary,Minne.Rosemary@yopmail.com,firefighter,29,6318.37
Elise,Gillan,Elise.Gillan@yopmail.com,developer,52,7900.24
Desirae,Geffner,Desirae.Geffner@yopmail.com,doctor,54,4509.74
Luci,Jarib,Luci.Jarib@yopmail.com,worker,37,7435.95
Elmira,Kare,Elmira.Kare@yopmail.com,developer,17,2017.08
Melanie,Aldric,Melanie.Aldric@yopmail.com,developer,13,9198.77
Melodie,Franza,Melodie.Franza@yopmail.com,police officer,41,5502.72
Frieda,Lissi,Frieda.Lissi@yopmail.com,developer,11,1966.89
Glenda,Thema,Glenda.Thema@yopmail.com,police officer,48,2762.94
Melanie,Schenck,Melanie.Schenck@yopmail.com,worker,30,9134.13
Selma,Cressida,Selma.Cressida@yopmail.com,developer,89,6429.14
Larine,Bronk,Larine.Bronk@yopmail.com,worker,38,7541.37
Merry,Goddard,Merry.Goddard@yopmail.com,worker,78,5741.8
Sindee,Trey,Sindee.Trey@yopmail.com,police officer,42,1889.44
Lucy,Even,Lucy.Even@yopmail.com,worker,8,6325.74
Myriam,Dorcy,Myriam.Dorcy@yopmail.com,developer,95,7992.07
Gilligan,Gabrielli,Gilligan.Gabrielli@yopmail.com,developer,91,3818.57
Ezmeralda,Gibbeon,Ezmeralda.Gibbeon@yopmail.com,developer,21,2191.46
Annecorinne,Koehler,Annecorinne.Koehler@yopmail.com,developer,23,4149.72
Lacie,Abernon,Lacie.Abernon@yopmail.com,doctor,2,4133.14
Marnia,Korey,Marnia.Korey@yopmail.com,firefighter,57,4749.97
Marline,Shaver,Marline.Shaver@yopmail.com,developer,88,5827.6
Althea,Taima,Althea.Taima@yopmail.com,worker,1,1282.78
Malina,Anselmi,Malina.Anselmi@yopmail.com,police officer,64,4846.55
Shel,Rolf,Shel.Rolf@yopmail.com,doctor,64,2199.67
Gavrielle,Mayeda,Gavrielle.Mayeda@yopmail.com,police officer,70,7483.99
Lucille,Kathie,Lucille.Kathie@yopmail.com,firefighter,22,9294.15
Ninnetta,Tomasina,Ninnetta.Tomasina@yopmail.com,firefighter,5,3919.03
Janeczka,Linskey,Janeczka.Linskey@yopmail.com,worker,97,7979.8
Ezmeralda,Docilla,Ezmeralda.Docilla@yopmail.com,doctor,63,4958.85
Dulce,Jalbert,Dulce.Jalbert@yopmail.com,firefighter,29,1973.39
Jasmina,Verger,Jasmina.Verger@yopmail.com,police officer,64,4390.27
Larine,Herrera,Larine.Herrera@yopmail.com,worker,69,8573.27
Ardenia,Evangelia,Ardenia.Evangelia@yopmail.com,doctor,93,2063.84
Susan,Chick,Susan.Chick@yopmail.com,developer,94,3252.94
Joelly,Magdalen,Joelly.Magdalen@yopmail.com,police officer,80,5276.25
Lorie,Willie,Lorie.Willie@yopmail.com,police officer,66,3130.14
Lynde,Rodmann,Lynde.Rodmann@yopmail.com,police officer,80,3998.03
Tonia,Bearnard,Tonia.Bearnard@yopmail.com,developer,89,8789.74
Blinni,Judye,Blinni.Judye@yopmail.com,developer,89,8127.06
Emelina,Brenn,Emelina.Brenn@yopmail.com,worker,71,9662.96
Miquela,Berne,Miquela.Berne@yopmail.com,doctor,2,8889.5
Edyth,Darian,Edyth.Darian@yopmail.com,worker,83,5237.64
Cindelyn,Center,Cindelyn.Center@yopmail.com,doctor,81,8980.58
Kary,Weinreb,Kary.Weinreb@yopmail.com,firefighter,67,6333.25
Arabel,Belldas,Arabel.Belldas@yopmail.com,firefighter,51,7841.67
Ricky,Nickola,Ricky.Nickola@yopmail.com,worker,17,1169.72
Kittie,Weide,Kittie.Weide@yopmail.com,worker,74,7392.75
Catrina,Blisse,Catrina.Blisse@yopmail.com,police officer,21,6259.29
Cassondra,August,Cassondra.August@yopmail.com,worker,47,9532.23
Karlee,Kermit,Karlee.Kermit@yopmail.com,doctor,69,6547.47
Riannon,Olnee,Riannon.Olnee@yopmail.com,doctor,49,1893.15
Veda,Georas,Veda.Georas@yopmail.com,firefighter,12,9234.58
Brietta,Masao,Brietta.Masao@yopmail.com,firefighter,41,8058.77
Dione,Ardeha,Dione.Ardeha@yopmail.com,police officer,44,2342.36
Andree,Janith,Andree.Janith@yopmail.com,developer,87,9642.21
Devina,Gower,Devina.Gower@yopmail.com,firefighter,84,6746.41
Tersina,Cloris,Tersina.Cloris@yopmail.com,worker,46,8593.14
Alisha,Bluh,Alisha.Bluh@yopmail.com,developer,76,9869.66
Kara-Lynn,Shama,Kara-Lynn.Shama@yopmail.com,doctor,73,4526.41
Margarette,Gavrila,Margarette.Gavrila@yopmail.com,police officer,35,3877.81
Sherrie,Boehike,Sherrie.Boehike@yopmail.com,worker,96,9740.62
Ebonee,Gale,Ebonee.Gale@yopmail.com,doctor,50,3550.44
Bernardine,Arathorn,Bernardine.Arathorn@yopmail.com,police officer,82,6766.77
Catharine,Anderea,Catharine.Anderea@yopmail.com,firefighter,79,3560.91
Anestassia,Timon,Anestassia.Timon@yopmail.com,police officer,32,8622.92
Jemie,Gaspard,Jemie.Gaspard@yopmail.com,police officer,48,2400.43
Cathyleen,Harned,Cathyleen.Harned@yopmail.com,doctor,35,8572.4
Lenna,Lucienne,Lenna.Lucienne@yopmail.com,worker,97,9961.79
Harrietta,Maxi,Harrietta.Maxi@yopmail.com,firefighter,23,5324.96
Nananne,Joeann,Nananne.Joeann@yopmail.com,firefighter,1,7113.37
Drucie,Carvey,Drucie.Carvey@yopmail.com,doctor,74,9141.43
Flo,Klotz,Flo.Klotz@yopmail.com,police officer,22,6835.62
Alameda,Hillel,Alameda.Hillel@yopmail.com,police officer,76,1685.33
June,Lowry,June.Lowry@yopmail.com,developer,84,2635.88
Jean,Waldron,Jean.Waldron@yopmail.com,police officer,41,7091.96
Cecile,Jacqui,Cecile.Jacqui@yopmail.com,worker,22,5279.98
Nita,Japeth,Nita.Japeth@yopmail.com,worker,87,4521.76
Netty,Bury,Netty.Bury@yopmail.com,developer,54,7296.4
Randa,Syd,Randa.Syd@yopmail.com,worker,11,1959.04
Frank,Ferino,Frank.Ferino@yopmail.com,firefighter,93,3043.42
Selia,Mayeda,Selia.Mayeda@yopmail.com,doctor,86,4098.51
Mellicent,Audly,Mellicent.Audly@yopmail.com,firefighter,13,9207.16
Coral,Briney,Coral.Briney@yopmail.com,doctor,23,8958.25
Sam,Yusuk,Sam.Yusuk@yopmail.com,firefighter,82,3648.67
Charissa,Tayib,Charissa.Tayib@yopmail.com,police officer,14,1410.18
Jaclyn,Levey,Jaclyn.Levey@yopmail.com,developer,46,8563.5
Dacia,Milson,Dacia.Milson@yopmail.com,developer,22,6174.63
Berget,Vernier,Berget.Vernier@yopmail.com,doctor,84,5754.38
Sherrie,Kat,Sherrie.Kat@yopmail.com,police officer,91,4360.4
Orsola,Leffen,Orsola.Leffen@yopmail.com,firefighter,8,3861.42
Gianina,Dawkins,Gianina.Dawkins@yopmail.com,police officer,41,6625.1
Pamella,Thilda,Pamella.Thilda@yopmail.com,developer,38,8270.22
Bernardine,Cath,Bernardine.Cath@yopmail.com,worker,55,6660.03
Kerrin,Nedrud,Kerrin.Nedrud@yopmail.com,doctor,14,4716.93
Leia,Jeanne,Leia.Jeanne@yopmail.com,firefighter,56,6013.58
Chickie,Ogren,Chickie.Ogren@yopmail.com,developer,24,8435.52
Ida,Brady,Ida.Brady@yopmail.com,firefighter,88,4750.46
Lyssa,Rheingold,Lyssa.Rheingold@yopmail.com,police officer,40,5411.24
Roseline,Smitt,Roseline.Smitt@yopmail.com,police officer,5,1827.02
Halette,Erlandson,Halette.Erlandson@yopmail.com,firefighter,1,7238.79
Ginnie,Elephus,Ginnie.Elephus@yopmail.com,developer,59,1031.09
Tina,Florina,Tina.Florina@yopmail.com,worker,62,4986.49
Kamilah,Kiersten,Kamilah.Kiersten@yopmail.com,police officer,35,7762.58
Giustina,Gabrielli,Giustina.Gabrielli@yopmail.com,developer,38,8108.12
Lucy,Latini,Lucy.Latini@yopmail.com,worker,53,1104.28
Babita,Kussell,Babita.Kussell@yopmail.com,police officer,46,1417.06
Elie,Linehan,Elie.Linehan@yopmail.com,doctor,15,2620.82
Janeczka,Maroney,Janeczka.Maroney@yopmail.com,developer,71,3761.21
Louella,Deegan,Louella.Deegan@yopmail.com,police officer,90,9939.71
Lorne,Denis,Lorne.Denis@yopmail.com,developer,75,5602.48
Miquela,Gwenore,Miquela.Gwenore@yopmail.com,firefighter,49,9358.37
Charmaine,Kalinda,Charmaine.Kalinda@yopmail.com,developer,25,3054.26
Averyl,Mike,Averyl.Mike@yopmail.com,developer,84,8567.59
Blinni,Maurine,Blinni.Maurine@yopmail.com,worker,58,4283.47
Darci,Yusuk,Darci.Yusuk@yopmail.com,doctor,43,7448.98
Kate,Ferino,Kate.Ferino@yopmail.com,firefighter,19,4814.76
Jasmina,Rurik,Jasmina.Rurik@yopmail.com,doctor,49,3603.35
Ariela,Travax,Ariela.Travax@yopmail.com,doctor,45,2292.43
Jacquetta,Erskine,Jacquetta.Erskine@yopmail.com,doctor,22,1135.33
Norine,Hutchison,Norine.Hutchison@yopmail.com,firefighter,81,7489.96
Brana,Duwalt,Brana.Duwalt@yopmail.com,worker,63,2484.44
Allyce,Blisse,Allyce.Blisse@yopmail.com,police officer,63,1257.33
Kerrin,Morgun,Kerrin.Morgun@yopmail.com,worker,53,3814.22
Inga,Girardo,Inga.Girardo@yopmail.com,developer,7,8870.25
Rani,Dorcy,Rani.Dorcy@yopmail.com,firefighter,86,3040.09
Andeee,Maryanne,Andeee.Maryanne@yopmail.com,developer,96,8128.14
Augustine,Rossner,Augustine.Rossner@yopmail.com,police officer,54,1290.91
Sissy,Lail,Sissy.Lail@yopmail.com,doctor,58,7390.03
Elmira,Melleta,Elmira.Melleta@yopmail.com,police officer,6,2087.13
Sherrie,Guthrie,Sherrie.Guthrie@yopmail.com,police officer,45,1866.13
Kristan,Lunsford,Kristan.Lunsford@yopmail.com,worker,38,6035.31
Wileen,Dimitris,Wileen.Dimitris@yopmail.com,firefighter,55,3344.88
Janis,Campball,Janis.Campball@yopmail.com,developer,37,1103.11
Rosabelle,Wattenberg,Rosabelle.Wattenberg@yopmail.com,firefighter,48,3444.24
Sindee,Leffen,Sindee.Leffen@yopmail.com,doctor,97,1249.97
Olwen,Vastah,Olwen.Vastah@yopmail.com,firefighter,52,7229.88
Nollie,Rad,Nollie.Rad@yopmail.com,developer,29,3592.27
Lindie,Jena,Lindie.Jena@yopmail.com,worker,21,8332.33
Kirstin,Docilla,Kirstin.Docilla@yopmail.com,police officer,5,8327.56
Selia,Isidore,Selia.Isidore@yopmail.com,developer,39,1777.61
Brandise,Merat,Brandise.Merat@yopmail.com,firefighter,30,2717.88
Magdalena,Terencio,Magdalena.Terencio@yopmail.com,worker,33,4608.66
Chastity,Lacombe,Chastity.Lacombe@yopmail.com,doctor,69,5017.52
Tamqrah,Daveta,Tamqrah.Daveta@yopmail.com,worker,3,3160.39
Halette,Ashok,Halette.Ashok@yopmail.com,developer,38,8096.99
Daphne,Yorick,Daphne.Yorick@yopmail.com,firefighter,92,2280.6
Ninnetta,Ludewig,Ninnetta.Ludewig@yopmail.com,developer,62,8916.35
Dorothy,Eliathas,Dorothy.Eliathas@yopmail.com,developer,5,8588.32
Jordan,Gabrielli,Jordan.Gabrielli@yopmail.com,developer,44,6375.66
Danny,Craggie,Danny.Craggie@yopmail.com,police officer,87,3232.45
Elena,Sekofski,Elena.Sekofski@yopmail.com,developer,46,7218.94
Cherilyn,Suzetta,Cherilyn.Suzetta@yopmail.com,worker,88,8830.33
Sindee,Sabella,Sindee.Sabella@yopmail.com,worker,54,4592.7
Barbara,Willie,Barbara.Willie@yopmail.com,developer,64,1463.13
Elise,Santoro,Elise.Santoro@yopmail.com,firefighter,79,8907.86
Layla,Terencio,Layla.Terencio@yopmail.com,police officer,54,9771.88
Gratia,Sinegold,Gratia.Sinegold@yopmail.com,firefighter,20,4948.03
Gaylene,Fitzsimmons,Gaylene.Fitzsimmons@yopmail.com,police officer,29,8738.6
Bee,Jalbert,Bee.Jalbert@yopmail.com,worker,87,8476.89
Gianina,Sundin,Gianina.Sundin@yopmail.com,doctor,31,7957.94
Jessamyn,McNully,Jessamyn.McNully@yopmail.com,doctor,56,5958.63
Pollyanna,O'Rourke,Pollyanna.O'Rourke@yopmail.com,doctor,16,8869.67
Winny,Kiersten,Winny.Kiersten@yopmail.com,firefighter,93,1613.66
Georgina,Agle,Georgina.Agle@yopmail.com,firefighter,79,2400.88
Dede,Suanne,Dede.Suanne@yopmail.com,worker,73,5238
Florencia,Stover,Florencia.Stover@yopmail.com,firefighter,86,5686.16
Deane,Meter,Deane.Meter@yopmail.com,police officer,53,5716.89
Sandie,Lorenz,Sandie.Lorenz@yopmail.com,doctor,22,3726.59
Nananne,Llovera,Nananne.Llovera@yopmail.com,doctor,77,3815.57
Valeda,Mullane,Valeda.Mullane@yopmail.com,worker,98,6692.54
Gwyneth,Donoghue,Gwyneth.Donoghue@yopmail.com,doctor,13,6603.84
Lexine,Maurine,Lexine.Maurine@yopmail.com,firefighter,66,8675.47
Sashenka,Joachim,Sashenka.Joachim@yopmail.com,doctor,63,8760.55
Aryn,O'Rourke,Aryn.O'Rourke@yopmail.com,worker,60,1263.3
Marika,Stoller,Marika.Stoller@yopmail.com,firefighter,51,1785.73
Fernande,Vanni,Fernande.Vanni@yopmail.com,worker,72,1574.2
Dulcinea,Koziara,Dulcinea.Koziara@yopmail.com,worker,11,5505.75
Aili,Ball,Aili.Ball@yopmail.com,worker,82,2624.85
Clarice,Leifeste,Clarice.Leifeste@yopmail.com,doctor,23,5757.71
Nannie,Anselmi,Nannie.Anselmi@yopmail.com,worker,22,8635.4
Celene,Wooster,Celene.Wooster@yopmail.com,firefighter,74,4377.99
Nannie,Screens,Nannie.Screens@yopmail.com,firefighter,45,4902.81
Gilligan,Braun,Gilligan.Braun@yopmail.com,firefighter,6,8420.51
Ekaterina,Diogenes,Ekaterina.Diogenes@yopmail.com,worker,24,2571.26
Margarette,Kermit,Margarette.Kermit@yopmail.com,police officer,10,9167.67
Consuela,Lia,Consuela.Lia@yopmail.com,doctor,54,1865.48
Kary,Mitzi,Kary.Mitzi@yopmail.com,firefighter,63,2785.74
Eadie,Guthrie,Eadie.Guthrie@yopmail.com,developer,50,7521.06
Aurelie,Belanger,Aurelie.Belanger@yopmail.com,police officer,44,4965.74
Karlee,Burch,Karlee.Burch@yopmail.com,police officer,35,3992.64
Heddie,Ledah,Heddie.Ledah@yopmail.com,firefighter,61,8993.96
Tani,Kaete,Tani.Kaete@yopmail.com,firefighter,61,4182.17
Letizia,Bronk,Letizia.Bronk@yopmail.com,police officer,17,9901.06
Corene,Chick,Corene.Chick@yopmail.com,worker,64,1594.01
Sam,O'Carroll,Sam.O'Carroll@yopmail.com,worker,19,4665.78
Hollie,Richers,Hollie.Richers@yopmail.com,worker,4,4832.05
Mary,Zuzana,Mary.Zuzana@yopmail.com,police officer,29,8823.27
Reeba,Riva,Reeba.Riva@yopmail.com,firefighter,4,1313.94
Penelopa,Elsinore,Penelopa.Elsinore@yopmail.com,worker,3,4651.2
Roz,Henebry,Roz.Henebry@yopmail.com,worker,49,3893.48
Gilligan,Lucienne,Gilligan.Lucienne@yopmail.com,worker,16,7224.1
Selia,Skell,Selia.Skell@yopmail.com,doctor,53,8965
Katuscha,Obed,Katuscha.Obed@yopmail.com,firefighter,58,6845.85
Alyssa,Cottle,Alyssa.Cottle@yopmail.com,developer,15,5273.24
Giustina,Thilda,Giustina.Thilda@yopmail.com,developer,32,4731.7
Lucy,Aurelio,Lucy.Aurelio@yopmail.com,doctor,82,6268.17
Blondelle,Ashok,Blondelle.Ashok@yopmail.com,police officer,69,3573.63
Libbie,Bartlett,Libbie.Bartlett@yopmail.com,doctor,6,6660.51
Fanny,Vary,Fanny.Vary@yopmail.com,firefighter,25,7889.3
Inga,Read,Inga.Read@yopmail.com,police officer,47,5122.84
Deloria,Brodench,Deloria.Brodench@yopmail.com,firefighter,44,2166.84
Mallory,Colleen,Mallory.Colleen@yopmail.com,police officer,81,9334.23
Briney,Silvan,Briney.Silvan@yopmail.com,doctor,86,3696.71
Valera,Iaverne,Valera.Iaverne@yopmail.com,police officer,47,7417.45
Nickie,Borrell,Nickie.Borrell@yopmail.com,firefighter,38,8393.1
Bettine,Ietta,Bettine.Ietta@yopmail.com,firefighter,11,7645.04
Deloria,Dituri,Deloria.Dituri@yopmail.com,developer,41,1012.97
Lisette,Diogenes,Lisette.Diogenes@yopmail.com,doctor,80,4151.22
Glynnis,Crudden,Glynnis.Crudden@yopmail.com,developer,82,6167.34
Isa,Burch,Isa.Burch@yopmail.com,worker,82,2526.16
Petronia,Viddah,Petronia.Viddah@yopmail.com,developer,19,4460.82
Allyce,Hermes,Allyce.Hermes@yopmail.com,developer,19,9796.74
Dorene,Horan,Dorene.Horan@yopmail.com,police officer,57,6492.32
Amalie,Wadell,Amalie.Wadell@yopmail.com,doctor,31,4783.46
Sallie,Melan,Sallie.Melan@yopmail.com,firefighter,30,6039.11
Blondelle,Brady,Blondelle.Brady@yopmail.com,firefighter,15,3589.05
Korrie,Randene,Korrie.Randene@yopmail.com,developer,31,9505.76
Kittie,Joachim,Kittie.Joachim@yopmail.com,doctor,88,8763.06
Rosabelle,Hirsch,Rosabelle.Hirsch@yopmail.com,worker,3,8994.61
Daphne,Brieta,Daphne.Brieta@yopmail.com,developer,60,7045.4
Susette,Tamsky,Susette.Tamsky@yopmail.com,worker,68,1475.38
Tori,Joeann,Tori.Joeann@yopmail.com,worker,17,9688.42
Lucille,Jacobah,Lucille.Jacobah@yopmail.com,worker,4,5641.64
Etta,Nunci,Etta.Nunci@yopmail.com,developer,34,4411.94
Grier,Daveta,Grier.Daveta@yopmail.com,worker,71,2156.05
Ruthe,Kazimir,Ruthe.Kazimir@yopmail.com,firefighter,3,7103.15
Marguerite,Cookie,Marguerite.Cookie@yopmail.com,developer,68,8867.06
Livvyy,Johanna,Livvyy.Johanna@yopmail.com,developer,23,2947.83
Grier,Land,Grier.Land@yopmail.com,worker,30,4721.15
Ronna,Demitria,Ronna.Demitria@yopmail.com,worker,65,9160.49
Gui,Faust,Gui.Faust@yopmail.com,developer,19,9041.02
Lelah,Milde,Lelah.Milde@yopmail.com,police officer,55,3022.21
Lisette,Roumell,Lisette.Roumell@yopmail.com,police officer,84,3963.82
Kalina,Allare,Kalina.Allare@yopmail.com,police officer,44,2037.81
Nananne,Oster,Nananne.Oster@yopmail.com,doctor,92,9134.4
Dorice,Matthew,Dorice.Matthew@yopmail.com,worker,22,2156.94
Kial,Colyer,Kial.Colyer@yopmail.com,firefighter,93,9852.04
Clementine,Ioab,Clementine.Ioab@yopmail.com,doctor,29,6020.26
Corene,Payson,Corene.Payson@yopmail.com,worker,9,8547.54
Oralee,Briney,Oralee.Briney@yopmail.com,firefighter,91,7827.37
Doro,Schlosser,Doro.Schlosser@yopmail.com,developer,20,1686.8
Cassandra,Avi,Cassandra.Avi@yopmail.com,doctor,37,9861.39
Kristan,Borrell,Kristan.Borrell@yopmail.com,doctor,34,4730.95
Alameda,Gordon,Alameda.Gordon@yopmail.com,worker,33,9052.03
Corly,Nadia,Corly.Nadia@yopmail.com,worker,89,7596.55
Fanchon,Kiyoshi,Fanchon.Kiyoshi@yopmail.com,police officer,66,1058.79
Donetta,Madox,Donetta.Madox@yopmail.com,developer,81,3585.85
Elise,Kannry,Elise.Kannry@yopmail.com,firefighter,93,6652.25
Cathyleen,Daveta,Cathyleen.Daveta@yopmail.com,developer,41,4873.46
Danika,Geffner,Danika.Geffner@yopmail.com,worker,97,6734.71
Janenna,Papageno,Janenna.Papageno@yopmail.com,firefighter,91,6536.71
Tonia,Turne,Tonia.Turne@yopmail.com,worker,64,4093.17
Jenilee,Tristram,Jenilee.Tristram@yopmail.com,worker,64,7512.8
Korrie,Winnick,Korrie.Winnick@yopmail.com,firefighter,60,6848.5
Amara,Cristi,Amara.Cristi@yopmail.com,worker,17,3969.14
Phedra,Zitvaa,Phedra.Zitvaa@yopmail.com,police officer,94,8951.94
Heida,Skell,Heida.Skell@yopmail.com,firefighter,15,3520.41
Jillayne,Revkah,Jillayne.Revkah@yopmail.com,firefighter,67,6159.09
Rivalee,Blake,Rivalee.Blake@yopmail.com,worker,23,5347.34
Shaylyn,Brodench,Shaylyn.Brodench@yopmail.com,doctor,58,5284.07
Celisse,Helfand,Celisse.Helfand@yopmail.com,worker,50,6916.4
Roberta,O'Carroll,Roberta.O'Carroll@yopmail.com,developer,40,8630.51
Zsa Zsa,Pascia,Zsa Zsa.Pascia@yopmail.com,worker,78,9646.04
Celene,Fax,Celene.Fax@yopmail.com,worker,16,2352.02
Maye,Maisey,Maye.Maisey@yopmail.com,doctor,79,5288.6
Ulrike,Peti,Ulrike.Peti@yopmail.com,developer,90,2559.35
Karly,Jobi,Karly.Jobi@yopmail.com,police officer,95,6262.08
Aigneis,Stover,Aigneis.Stover@yopmail.com,worker,44,3426.38
Amii,Dawkins,Amii.Dawkins@yopmail.com,firefighter,16,5925.23
Janenna,Guildroy,Janenna.Guildroy@yopmail.com,firefighter,54,1009.31
Nita,Tengdin,Nita.Tengdin@yopmail.com,worker,69,8879.26
Ketti,Nahum,Ketti.Nahum@yopmail.com,worker,7,1394.5
Korrie,Presber,Korrie.Presber@yopmail.com,doctor,9,6608.88
Sam,Esmaria,Sam.Esmaria@yopmail.com,doctor,13,7710.52
Barbi,Leler,Barbi.Leler@yopmail.com,worker,59,2097.47
Kara-Lynn,Leler,Kara-Lynn.Leler@yopmail.com,developer,80,4544.49
Ursulina,Hurley,Ursulina.Hurley@yopmail.com,worker,54,6060.96
Dorice,Barbey,Dorice.Barbey@yopmail.com,doctor,15,7185.95
Maud,Atonsah,Maud.Atonsah@yopmail.com,doctor,59,1512.56
Loree,Giff,Loree.Giff@yopmail.com,developer,81,7431.93
Calla,Lauraine,Calla.Lauraine@yopmail.com,worker,69,4659.84
Mamie,Bartlett,Mamie.Bartlett@yopmail.com,developer,8,4717.18
Charlena,Helve,Charlena.Helve@yopmail.com,police officer,11,1378.61
Amalie,Anastatius,Amalie.Anastatius@yopmail.com,doctor,15,3708.72
Heddie,Thilda,Heddie.Thilda@yopmail.com,worker,50,8202.9
Nessie,Munn,Nessie.Munn@yopmail.com,police officer,51,8163.55
Ottilie,Rheingold,Ottilie.Rheingold@yopmail.com,developer,24,7333.93
Annora,Bobbee,Annora.Bobbee@yopmail.com,worker,30,9717.95
Hayley,Randene,Hayley.Randene@yopmail.com,developer,34,7345.62
Nikki,Amand,Nikki.Amand@yopmail.com,police officer,8,1338.38
Henriette,Mitzi,Henriette.Mitzi@yopmail.com,firefighter,42,8927.68
Claudina,Georgy,Claudina.Georgy@yopmail.com,doctor,89,4524.46
Celestyna,Colp,Celestyna.Colp@yopmail.com,police officer,85,7220.75
Jacquetta,Koehler,Jacquetta.Koehler@yopmail.com,doctor,5,3448.52
Modestia,Bertold,Modestia.Bertold@yopmail.com,firefighter,93,6087.94
Bee,Westphal,Bee.Westphal@yopmail.com,worker,88,5711.36
Calla,Harned,Calla.Harned@yopmail.com,worker,96,9111.8
Susette,Diogenes,Susette.Diogenes@yopmail.com,firefighter,8,9930.09
Marline,Geffner,Marline.Geffner@yopmail.com,police officer,15,9212.97
Helena,Fontana,Helena.Fontana@yopmail.com,police officer,24,6987.38
Iseabal,Sabella,Iseabal.Sabella@yopmail.com,developer,43,6820.11
Jeanna,Bryna,Jeanna.Bryna@yopmail.com,doctor,13,9637.5
Maisey,Infield,Maisey.Infield@yopmail.com,doctor,25,8669.02
Ezmeralda,Zachary,Ezmeralda.Zachary@yopmail.com,developer,25,9291.42
Joceline,Brackely,Joceline.Brackely@yopmail.com,developer,28,3257.71
Georgina,Odysseus,Georgina.Odysseus@yopmail.com,police officer,69,7786.04
Tani,Muriel,Tani.Muriel@yopmail.com,doctor,75,9639.43
Merle,Dosia,Merle.Dosia@yopmail.com,firefighter,37,6286.35
Gwenneth,Dudley,Gwenneth.Dudley@yopmail.com,worker,69,5753.68
Miquela,Hepsibah,Miquela.Hepsibah@yopmail.com,firefighter,43,5648.89
Henriette,Kathie,Henriette.Kathie@yopmail.com,doctor,93,8179.51
Karolina,Roscoe,Karolina.Roscoe@yopmail.com,police officer,19,7359.04
Lila,Ioab,Lila.Ioab@yopmail.com,police officer,31,4561.59
Coral,Brunell,Coral.Brunell@yopmail.com,doctor,90,5384.48
Hallie,Colleen,Hallie.Colleen@yopmail.com,worker,20,2532.68
Nita,Ambrosia,Nita.Ambrosia@yopmail.com,developer,8,7300.35
Marylou,Roarke,Marylou.Roarke@yopmail.com,worker,24,9389.84
Brana,Edvard,Brana.Edvard@yopmail.com,firefighter,23,7228.17
Olivette,Rodmann,Olivette.Rodmann@yopmail.com,firefighter,87,9303.72
Fidelia,Johnsson,Fidelia.Johnsson@yopmail.com,doctor,86,7415.13
Sheree,Cleavland,Sheree.Cleavland@yopmail.com,police officer,34,1928.92
Raina,Pelagias,Raina.Pelagias@yopmail.com,doctor,54,5307.39
Millie,Rheingold,Millie.Rheingold@yopmail.com,police officer,70,8019.84
Sindee,Wooster,Sindee.Wooster@yopmail.com,worker,72,2725.87
Clementine,Persse,Clementine.Persse@yopmail.com,doctor,6,1387.43
Catrina,Pond,Catrina.Pond@yopmail.com,doctor,68,7611.69
Vonny,Mich,Vonny.Mich@yopmail.com,worker,20,3124.4
Halette,Haymes,Halette.Haymes@yopmail.com,doctor,59,6885.55
Nikki,Destinee,Nikki.Destinee@yopmail.com,police officer,92,1568.95
Esmeralda,Ferino,Esmeralda.Ferino@yopmail.com,police officer,23,2468.59
Vita,Turne,Vita.Turne@yopmail.com,police officer,9,2012.11
Madeleine,Klemperer,Madeleine.Klemperer@yopmail.com,worker,26,9973.85
Fanny,Suanne,Fanny.Suanne@yopmail.com,developer,19,7361.98
Modestia,Toor,Modestia.Toor@yopmail.com,police officer,78,6099.96
Frank,Cavan,Frank.Cavan@yopmail.com,worker,33,6883.1
Vita,Gemini,Vita.Gemini@yopmail.com,doctor,17,5851.66
Shandie,Esmaria,Shandie.Esmaria@yopmail.com,police officer,66,6483.29
Tera,Hortensia,Tera.Hortensia@yopmail.com,firefighter,68,9926.2
Lacie,Dex,Lacie.Dex@yopmail.com,police officer,24,6647.19
Annaliese,Margret,Annaliese.Margret@yopmail.com,worker,2,2024.79
Nikki,Dearborn,Nikki.Dearborn@yopmail.com,developer,98,2313.62
Jackie,Swigart,Jackie.Swigart@yopmail.com,developer,95,2727.31
Tressa,Abernon,Tressa.Abernon@yopmail.com,doctor,60,2202.2
Babita,Pond,Babita.Pond@yopmail.com,worker,50,1206.45
Kayla,Kosey,Kayla.Kosey@yopmail.com,worker,17,2355.9
Collen,Thad,Collen.Thad@yopmail.com,doctor,17,7379.34
Ruthe,Eldrid,Ruthe.Eldrid@yopmail.com,worker,96,1559.72
Flo,Ephrem,Flo.Ephrem@yopmail.com,firefighter,56,2430.47
Corly,Abbot,Corly.Abbot@yopmail.com,firefighter,10,7863.05
Letizia,Jefferey,Letizia.Jefferey@yopmail.com,firefighter,60,3397.56
Felice,Colyer,Felice.Colyer@yopmail.com,police officer,67,5422.11
Violet,Masao,Violet.Masao@yopmail.com,firefighter,72,4155.61
Tami,Rona,Tami.Rona@yopmail.com,worker,69,9506.26
Ekaterina,Iaverne,Ekaterina.Iaverne@yopmail.com,doctor,80,5331.67
Jorry,Syd,Jorry.Syd@yopmail.com,police officer,57,4973.1
Latisha,Vary,Latisha.Vary@yopmail.com,doctor,18,3301.34
Sue,Elsinore,Sue.Elsinore@yopmail.com,doctor,5,9105.7
Zaria,Ahab,Zaria.Ahab@yopmail.com,worker,66,4669
Ninnetta,Braun,Ninnetta.Braun@yopmail.com,worker,93,6550.5
Berta,Faria,Berta.Faria@yopmail.com,worker,27,7709.23
Basia,Sallyann,Basia.Sallyann@yopmail.com,firefighter,85,6050.82
Meriel,Raffo,Meriel.Raffo@yopmail.com,developer,94,8769.97
Caressa,Melan,Caressa.Melan@yopmail.com,worker,11,9305.76
Jenilee,Zaslow,Jenilee.Zaslow@yopmail.com,doctor,42,4087.06
Steffane,Elo,Steffane.Elo@yopmail.com,worker,37,1080.8
Fanny,Lorenz,Fanny.Lorenz@yopmail.com,developer,30,6412.46
Lorenza,Iphlgenia,Lorenza.Iphlgenia@yopmail.com,developer,79,7073.24
Annaliese,Sothena,Annaliese.Sothena@yopmail.com,developer,25,8161.23
Babita,Lane,Babita.Lane@yopmail.com,developer,21,1024.06
Hermione,Cordi,Hermione.Cordi@yopmail.com,police officer,34,6518.32
Roxane,Suzetta,Roxane.Suzetta@yopmail.com,firefighter,55,1990.06
Pamella,Nikaniki,Pamella.Nikaniki@yopmail.com,developer,32,3589.95
Fred,Evvie,Fred.Evvie@yopmail.com,firefighter,31,4501.45
Lita,Dreda,Lita.Dreda@yopmail.com,worker,77,4271.31
Joelly,Keily,Joelly.Keily@yopmail.com,developer,35,8954.03
Mallory,Uird,Mallory.Uird@yopmail.com,police officer,97,6822.87
Melisent,Anderea,Melisent.Anderea@yopmail.com,worker,2,2602.84
Annabela,Mayeda,Annabela.Mayeda@yopmail.com,firefighter,30,2831.39
Xylina,Nedrud,Xylina.Nedrud@yopmail.com,doctor,87,5550.75
Natka,Whittaker,Natka.Whittaker@yopmail.com,police officer,4,3612.62
Rosene,Hamil,Rosene.Hamil@yopmail.com,worker,18,9855.27
Dari,Poll,Dari.Poll@yopmail.com,developer,54,2448.81
Bettine,Willie,Bettine.Willie@yopmail.com,developer,60,4096.03
Clarice,Israeli,Clarice.Israeli@yopmail.com,worker,64,3161.09
Jaclyn,Hertzfeld,Jaclyn.Hertzfeld@yopmail.com,firefighter,6,2435.08
Florie,Ricarda,Florie.Ricarda@yopmail.com,doctor,86,4299.05
Karolina,Faust,Karolina.Faust@yopmail.com,doctor,59,5079.58
Kalina,Emanuel,Kalina.Emanuel@yopmail.com,worker,51,2037.26
Perry,Hertzfeld,Perry.Hertzfeld@yopmail.com,developer,34,2379.3
Ivett,McNully,Ivett.McNully@yopmail.com,firefighter,74,2576.37
Theodora,Oscar,Theodora.Oscar@yopmail.com,doctor,37,8715.27
Juliane,Wittie,Juliane.Wittie@yopmail.com,worker,85,7490.53
Natka,Sandye,Natka.Sandye@yopmail.com,developer,50,7846.77
Chloris,Gherardo,Chloris.Gherardo@yopmail.com,firefighter,85,9522.14
Kary,Lorenz,Kary.Lorenz@yopmail.com,firefighter,87,3008.88
Alisha,Bivins,Alisha.Bivins@yopmail.com,worker,32,4632.41
Alejandra,Paine,Alejandra.Paine@yopmail.com,doctor,20,4920.6
Bill,Deny,Bill.Deny@yopmail.com,developer,63,1239.19
Ardeen,Talia,Ardeen.Talia@yopmail.com,police officer,84,7135.6
Penelopa,Kenwood,Penelopa.Kenwood@yopmail.com,police officer,38,7353.8
Julieta,Cosenza,Julieta.Cosenza@yopmail.com,firefighter,97,1957.52
Amalie,Hoenack,Amalie.Hoenack@yopmail.com,doctor,70,8352.76
Eadie,Lasley,Eadie.Lasley@yopmail.com,firefighter,86,3204.76
Ann-Marie,Cullin,Ann-Marie.Cullin@yopmail.com,firefighter,6,3514.94
Phedra,Eliathas,Phedra.Eliathas@yopmail.com,developer,2,6877.84
Jeanna,Trinetta,Jeanna.Trinetta@yopmail.com,doctor,59,7251.72
Madelle,Carbo,Madelle.Carbo@yopmail.com,worker,17,6671.58
Fidelia,Mendez,Fidelia.Mendez@yopmail.com,firefighter,84,8295.38
Ardenia,Erb,Ardenia.Erb@yopmail.com,police officer,10,2528.09
Rochette,Estella,Rochette.Estella@yopmail.com,worker,36,1590.03
Lanna,Evvie,Lanna.Evvie@yopmail.com,police officer,54,1775.69
Meg,Iphlgenia,Meg.Iphlgenia@yopmail.com,firefighter,7,8292.39
Maisey,Ethban,Maisey.Ethban@yopmail.com,developer,5,2163.22
Marcelline,Glovsky,Marcelline.Glovsky@yopmail.com,developer,34,9305.37
Mamie,Thad,Mamie.Thad@yopmail.com,worker,63,1892.41
Valeda,Stephie,Valeda.Stephie@yopmail.com,developer,65,2136.48
Raina,Lasley,Raina.Lasley@yopmail.com,doctor,58,3694.9
Patricia,Infield,Patricia.Infield@yopmail.com,developer,76,2952.67
Tarra,Barney,Tarra.Barney@yopmail.com,doctor,7,7767.75
Zaria,Fitzsimmons,Zaria.Fitzsimmons@yopmail.com,doctor,19,5198.79
Lila,Noman,Lila.Noman@yopmail.com,doctor,51,7083.66
Ana,Rhu,Ana.Rhu@yopmail.com,firefighter,58,7350.8
Leia,Nelsen,Leia.Nelsen@yopmail.com,police officer,71,5820.67
Janey,Kravits,Janey.Kravits@yopmail.com,doctor,8,6119.25
Lisette,Morrill,Lisette.Morrill@yopmail.com,firefighter,32,1597.15
Janenna,Tacye,Janenna.Tacye@yopmail.com,worker,40,3200.57
Beverley,Autrey,Beverley.Autrey@yopmail.com,firefighter,97,4051
Cathyleen,Roxanna,Cathyleen.Roxanna@yopmail.com,police officer,43,4553.43
Alyssa,Annabella,Alyssa.Annabella@yopmail.com,worker,89,8300.76
Lanna,Rooney,Lanna.Rooney@yopmail.com,doctor,16,1176.91
Brietta,Mallon,Brietta.Mallon@yopmail.com,firefighter,16,4626.81
Ronna,Dituri,Ronna.Dituri@yopmail.com,firefighter,79,1689.08
Roberta,Leary,Roberta.Leary@yopmail.com,doctor,85,6843.86
Edyth,Evvie,Edyth.Evvie@yopmail.com,developer,7,1376.98
Melodie,Martguerita,Melodie.Martguerita@yopmail.com,police officer,80,6759.29
June,Giule,June.Giule@yopmail.com,worker,58,4877.29
Libbie,Mauer,Libbie.Mauer@yopmail.com,worker,16,6654.81
Gabi,Anestassia,Gabi.Anestassia@yopmail.com,firefighter,98,7803.54
Addia,Kress,Addia.Kress@yopmail.com,firefighter,79,8591.18
Giustina,Norvol,Giustina.Norvol@yopmail.com,police officer,77,1977.47
Marsiella,Juliet,Marsiella.Juliet@yopmail.com,police officer,16,4786.96
Cristabel,Dosia,Cristabel.Dosia@yopmail.com,doctor,80,9852.56
Glenda,Khorma,Glenda.Khorma@yopmail.com,doctor,31,3076.22
Clarice,Damarra,Clarice.Damarra@yopmail.com,firefighter,9,5313.47
Renae,Grosz,Renae.Grosz@yopmail.com,worker,82,3900.93
Gabriellia,Pauly,Gabriellia.Pauly@yopmail.com,firefighter,27,6801.18
Philis,Alisia,Philis.Alisia@yopmail.com,worker,31,5175.54
Jessamyn,Tayib,Jessamyn.Tayib@yopmail.com,developer,46,3998.69
Gerrie,Fleeta,Gerrie.Fleeta@yopmail.com,police officer,38,1464.49
Zaria,Vilma,Zaria.Vilma@yopmail.com,worker,76,7033.47
Viviene,Allare,Viviene.Allare@yopmail.com,police officer,24,9403.34
Codie,Sammons,Codie.Sammons@yopmail.com,police officer,86,3839.37
Fanny,Aldric,Fanny.Aldric@yopmail.com,developer,51,6421.89
Eve,Bobbee,Eve.Bobbee@yopmail.com,worker,26,2515.55
Xylina,Hepsibah,Xylina.Hepsibah@yopmail.com,firefighter,54,7991.03
Genovera,Couture,Genovera.Couture@yopmail.com,developer,97,4636.76
Aurore,Ulphia,Aurore.Ulphia@yopmail.com,doctor,71,9528.75
Cristine,Newell,Cristine.Newell@yopmail.com,police officer,36,4626.54
Elie,Euridice,Elie.Euridice@yopmail.com,firefighter,93,5551.57
Caressa,Behre,Caressa.Behre@yopmail.com,firefighter,35,2924.87
Adore,Atonsah,Adore.Atonsah@yopmail.com,firefighter,18,8602.46
Morganica,Taam,Morganica.Taam@yopmail.com,firefighter,56,9433.96
Talya,Georgy,Talya.Georgy@yopmail.com,worker,62,7538.92
Kial,Virgin,Kial.Virgin@yopmail.com,developer,45,9584.24
Felice,Jalbert,Felice.Jalbert@yopmail.com,doctor,53,4942.66
Melodie,Sophronia,Melodie.Sophronia@yopmail.com,firefighter,37,2906.7
Gianina,Kenwood,Gianina.Kenwood@yopmail.com,developer,64,3356.37
Doro,Blake,Doro.Blake@yopmail.com,firefighter,7,7120.59
Marcy,Iiette,Marcy.Iiette@yopmail.com,firefighter,80,1010.09
Marleah,Kiersten,Marleah.Kiersten@yopmail.com,firefighter,28,6845.16
Katleen,Roche,Katleen.Roche@yopmail.com,developer,15,1876.71
Theodora,Liebermann,Theodora.Liebermann@yopmail.com,firefighter,10,5440.87
Magdalena,Shaddock,Magdalena.Shaddock@yopmail.com,worker,59,2376.08
Kary,Adamsen,Kary.Adamsen@yopmail.com,firefighter,20,6693.34
Rosabelle,Quent,Rosabelle.Quent@yopmail.com,developer,10,7606.46
Nicoli,Heisel,Nicoli.Heisel@yopmail.com,developer,8,7603.04
Ellette,Brackely,Ellette.Brackely@yopmail.com,firefighter,96,9470.67
Alia,Papageno,Alia.Papageno@yopmail.com,developer,6,4783.04
Barbi,Calhoun,Barbi.Calhoun@yopmail.com,firefighter,70,3005.6
Harrietta,Karna,Harrietta.Karna@yopmail.com,firefighter,93,6616.37
Gertrud,Carlson,Gertrud.Carlson@yopmail.com,worker,83,6570.5
Robbi,Kristi,Robbi.Kristi@yopmail.com,developer,18,8153.43
Gloria,Gower,Gloria.Gower@yopmail.com,worker,57,4221.75
Emilia,Rosalba,Emilia.Rosalba@yopmail.com,worker,76,2641.54
Louella,Wooster,Louella.Wooster@yopmail.com,firefighter,70,1521.09
Lynnea,Rosemary,Lynnea.Rosemary@yopmail.com,firefighter,79,4630.3
Lanna,Stefa,Lanna.Stefa@yopmail.com,doctor,94,8400.79
Catharine,Zamora,Catharine.Zamora@yopmail.com,firefighter,15,3937.06
Mildrid,Ogren,Mildrid.Ogren@yopmail.com,firefighter,95,8740.44
Jemie,Phyllis,Jemie.Phyllis@yopmail.com,police officer,71,9718.83
Marnia,O'Rourke,Marnia.O'Rourke@yopmail.com,firefighter,14,3242.31
Maisey,Mathilde,Maisey.Mathilde@yopmail.com,police officer,15,1049.43
Daune,Bartlett,Daune.Bartlett@yopmail.com,police officer,24,5941.73
Annaliese,Delila,Annaliese.Delila@yopmail.com,doctor,45,5421.72
Betta,Nisbet,Betta.Nisbet@yopmail.com,worker,34,8948.46
Dulcinea,An,Dulcinea.An@yopmail.com,doctor,81,5027.78
Laure,Gale,Laure.Gale@yopmail.com,developer,30,5951.6
Bee,Fleeta,Bee.Fleeta@yopmail.com,firefighter,28,7160.77
Penelopa,Leifeste,Penelopa.Leifeste@yopmail.com,firefighter,31,1215.29
Tani,Mehalek,Tani.Mehalek@yopmail.com,worker,85,2131.14
Rayna,Wadell,Rayna.Wadell@yopmail.com,firefighter,67,5217.65
Ardeen,Alva,Ardeen.Alva@yopmail.com,doctor,60,8354.39
Max,Johanna,Max.Johanna@yopmail.com,worker,32,3789.51
Marcelline,Wittie,Marcelline.Wittie@yopmail.com,doctor,70,2519.64
Beverley,Nester,Beverley.Nester@yopmail.com,doctor,48,6922.18
Bobinette,Chem,Bobinette.Chem@yopmail.com,doctor,98,9623.48
Darci,Goerke,Darci.Goerke@yopmail.com,firefighter,60,3596.2
Rubie,Seessel,Rubie.Seessel@yopmail.com,worker,51,8332.28
Steffane,Emmaline,Steffane.Emmaline@yopmail.com,firefighter,96,7571.54
Helsa,Loeb,Helsa.Loeb@yopmail.com,worker,80,9220.4
Sophia,Adlare,Sophia.Adlare@yopmail.com,doctor,30,7708.42
Renae,Brandice,Renae.Brandice@yopmail.com,worker,48,9046.31
Lila,Buttaro,Lila.Buttaro@yopmail.com,developer,70,6894.16
Tiffie,Baudin,Tiffie.Baudin@yopmail.com,worker,38,6127
Lisette,Henrie,Lisette.Henrie@yopmail.com,firefighter,97,5119.52
Sybille,Fiester,Sybille.Fiester@yopmail.com,developer,47,6348.28
Wileen,Joachim,Wileen.Joachim@yopmail.com,firefighter,97,8359.52
Lorne,Toffic,Lorne.Toffic@yopmail.com,firefighter,51,8134.88
Ezmeralda,Pattin,Ezmeralda.Pattin@yopmail.com,police officer,97,6618.07
Ardenia,Randene,Ardenia.Randene@yopmail.com,firefighter,51,5471.86
Kary,Hirsch,Kary.Hirsch@yopmail.com,doctor,14,1943.46
Jasmina,Zitvaa,Jasmina.Zitvaa@yopmail.com,worker,67,3572.21
Ezmeralda,Bahr,Ezmeralda.Bahr@yopmail.com,worker,82,4711.73
Jessamyn,Nedrud,Jessamyn.Nedrud@yopmail.com,police officer,19,7190.76
Louella,Bord,Louella.Bord@yopmail.com,worker,3,9669.4
Olivette,Gibbeon,Olivette.Gibbeon@yopmail.com,doctor,61,1503.6
Ofilia,Bonucci,Ofilia.Bonucci@yopmail.com,doctor,15,2568.12
Marcelline,Zachary,Marcelline.Zachary@yopmail.com,developer,53,9528.63
Lucy,Dahlia,Lucy.Dahlia@yopmail.com,developer,55,4388.22
Kylynn,Wattenberg,Kylynn.Wattenberg@yopmail.com,developer,8,1399.11
Ingrid,Diann,Ingrid.Diann@yopmail.com,developer,88,5016.81
Delilah,Longfellow,Delilah.Longfellow@yopmail.com,firefighter,13,2199.7
Britni,Gombach,Britni.Gombach@yopmail.com,doctor,40,4597.29
Pearline,Rosemary,Pearline.Rosemary@yopmail.com,doctor,89,2102.68
Halette,Jethro,Halette.Jethro@yopmail.com,developer,81,4451.8
Jordan,Kussell,Jordan.Kussell@yopmail.com,police officer,43,6329.4
Thalia,Pierette,Thalia.Pierette@yopmail.com,developer,12,7814.41
Perry,Laurianne,Perry.Laurianne@yopmail.com,doctor,87,6284.09
Zsa Zsa,Francene,Zsa Zsa.Francene@yopmail.com,worker,56,2633.49
Augustine,Esmaria,Augustine.Esmaria@yopmail.com,firefighter,93,4491.08
Melodie,Chapland,Melodie.Chapland@yopmail.com,worker,71,1294.09
Felice,Terrence,Felice.Terrence@yopmail.com,police officer,74,1350.11
Adele,Gregrory,Adele.Gregrory@yopmail.com,police officer,54,2078.27
Sindee,Ashok,Sindee.Ashok@yopmail.com,worker,25,3585.79
Rhoda,Jagir,Rhoda.Jagir@yopmail.com,worker,86,3557.77
Odessa,Shaddock,Odessa.Shaddock@yopmail.com,developer,63,3035.74
Genovera,Fosque,Genovera.Fosque@yopmail.com,developer,83,7587.31
Adelle,Malvino,Adelle.Malvino@yopmail.com,developer,58,4964
Livvyy,Darbie,Livvyy.Darbie@yopmail.com,doctor,62,3187.37
Roz,Karna,Roz.Karna@yopmail.com,developer,8,9706.69
Odessa,Kannry,Odessa.Kannry@yopmail.com,police officer,35,8635.05
Jan,Miru,Jan.Miru@yopmail.com,doctor,67,9005.77
Ekaterina,Tengdin,Ekaterina.Tengdin@yopmail.com,police officer,15,9103.76
Feliza,Lucienne,Feliza.Lucienne@yopmail.com,police officer,88,7305.63
Heddie,McAdams,Heddie.McAdams@yopmail.com,police officer,61,5390.65
Peri,Alejoa,Peri.Alejoa@yopmail.com,worker,11,5745.68
Tybie,Kinnard,Tybie.Kinnard@yopmail.com,firefighter,5,8319.92
Melanie,Lunsford,Melanie.Lunsford@yopmail.com,doctor,50,3589.05
Cherrita,Gualtiero,Cherrita.Gualtiero@yopmail.com,firefighter,20,2858.39
Shaine,Amethist,Shaine.Amethist@yopmail.com,worker,53,5494.03
Chandra,Christal,Chandra.Christal@yopmail.com,doctor,84,2882.65
Karina,Poll,Karina.Poll@yopmail.com,worker,29,5050.9
Gabriellia,Jagir,Gabriellia.Jagir@yopmail.com,doctor,82,4142.42
Xylina,Vins,Xylina.Vins@yopmail.com,doctor,66,4253.05
Ricky,Zuzana,Ricky.Zuzana@yopmail.com,police officer,42,1554.97
Hayley,Kare,Hayley.Kare@yopmail.com,worker,52,9584.17
Minda,Eachern,Minda.Eachern@yopmail.com,worker,50,9263.12
Shaylyn,Magnolia,Shaylyn.Magnolia@yopmail.com,doctor,64,6530.83
Jordan,Robertson,Jordan.Robertson@yopmail.com,worker,7,9731.99
Misha,Sigfrid,Misha.Sigfrid@yopmail.com,firefighter,7,6135.08
Lita,Ade,Lita.Ade@yopmail.com,police officer,12,9483.89
Gabi,Georgy,Gabi.Georgy@yopmail.com,firefighter,51,6374.31
Eadie,Taam,Eadie.Taam@yopmail.com,firefighter,37,8831.01
Chrystel,Vittoria,Chrystel.Vittoria@yopmail.com,developer,56,6581.01
Catrina,Hollingsworth,Catrina.Hollingsworth@yopmail.com,police officer,52,5050.04
Ninnetta,Lumbard,Ninnetta.Lumbard@yopmail.com,doctor,9,3376.51
Babita,Jerold,Babita.Jerold@yopmail.com,police officer,89,6665.43
Emma,Bartlett,Emma.Bartlett@yopmail.com,doctor,4,7725.68
Agnese,Sinegold,Agnese.Sinegold@yopmail.com,police officer,13,4932.38
Lynnea,Chauncey,Lynnea.Chauncey@yopmail.com,worker,71,3894.23
Dorene,Nickola,Dorene.Nickola@yopmail.com,worker,77,2670.55
Kathy,Felizio,Kathy.Felizio@yopmail.com,police officer,96,7734.42
Mildrid,Clywd,Mildrid.Clywd@yopmail.com,firefighter,32,5790.62
Zaria,Sigfrid,Zaria.Sigfrid@yopmail.com,firefighter,84,1297.31
Ursulina,Sabella,Ursulina.Sabella@yopmail.com,doctor,61,3213.88
Kerrin,Moseley,Kerrin.Moseley@yopmail.com,developer,72,8166.05
Lelah,Dominy,Lelah.Dominy@yopmail.com,doctor,77,5277.56
Jessy,Oriana,Jessy.Oriana@yopmail.com,developer,47,1047.19
Steffane,Masao,Steffane.Masao@yopmail.com,police officer,56,4180.52
Dorothy,Rosemary,Dorothy.Rosemary@yopmail.com,police officer,17,9305.77
Lorenza,Rossner,Lorenza.Rossner@yopmail.com,firefighter,8,8062.37
Chastity,Doig,Chastity.Doig@yopmail.com,firefighter,44,5931.93
Carmela,Boehike,Carmela.Boehike@yopmail.com,developer,75,4757.43
Tamqrah,Fiann,Tamqrah.Fiann@yopmail.com,developer,1,2971.9
Lisette,Tiffa,Lisette.Tiffa@yopmail.com,worker,70,9388.01
Wanda,Mullane,Wanda.Mullane@yopmail.com,police officer,34,8949.96
Christy,Wiener,Christy.Wiener@yopmail.com,worker,54,4999.72
Phedra,Allina,Phedra.Allina@yopmail.com,police officer,68,3581.71
Ariela,Kesley,Ariela.Kesley@yopmail.com,doctor,60,5104.32
Kirbee,Vivle,Kirbee.Vivle@yopmail.com,worker,55,3905.16
Kelly,Sadowski,Kelly.Sadowski@yopmail.com,doctor,95,6304.6
Vere,Brotherson,Vere.Brotherson@yopmail.com,firefighter,82,2655.85
Emmey,Peonir,Emmey.Peonir@yopmail.com,worker,3,7992.59
Annabela,Valoniah,Annabela.Valoniah@yopmail.com,police officer,75,1557.38
Olivette,Afton,Olivette.Afton@yopmail.com,developer,75,9783.45
Robinia,Brittani,Robinia.Brittani@yopmail.com,firefighter,31,6618.84
Starla,Hazlett,Starla.Hazlett@yopmail.com,police officer,10,9655.49
Nerta,McAdams,Nerta.McAdams@yopmail.com,developer,27,3815.29
Juliane,Vorster,Juliane.Vorster@yopmail.com,worker,18,3903.01
Jerry,Irmine,Jerry.Irmine@yopmail.com,worker,88,1240.57
Evita,Japeth,Evita.Japeth@yopmail.com,developer,8,8360.62
Jinny,Moina,Jinny.Moina@yopmail.com,developer,21,8586.15
Addia,Goerke,Addia.Goerke@yopmail.com,worker,14,4853.87
Roxane,O'Rourke,Roxane.O'Rourke@yopmail.com,police officer,81,5539.1
Brandise,Tyson,Brandise.Tyson@yopmail.com,developer,38,1027.58
Tybie,Tryck,Tybie.Tryck@yopmail.com,developer,43,5701.75
Kathi,Evvie,Kathi.Evvie@yopmail.com,worker,30,3534.09
Caritta,Denis,Caritta.Denis@yopmail.com,police officer,49,8548.55
Margarette,Chapland,Margarette.Chapland@yopmail.com,police officer,72,8382.19
Stacey,Kosey,Stacey.Kosey@yopmail.com,worker,98,4221.33
Rhoda,Sperling,Rhoda.Sperling@yopmail.com,worker,5,7143.03
Tani,Teddman,Tani.Teddman@yopmail.com,developer,17,4580.25
Adore,Adalbert,Adore.Adalbert@yopmail.com,police officer,75,3944.67
Emma,Constancy,Emma.Constancy@yopmail.com,doctor,74,3325.16
Tobe,Curren,Tobe.Curren@yopmail.com,worker,20,7733.51
Dawn,Gordon,Dawn.Gordon@yopmail.com,police officer,73,8818.32
Jeanna,Kiyoshi,Jeanna.Kiyoshi@yopmail.com,worker,11,7502.1
Jobi,Thema,Jobi.Thema@yopmail.com,developer,27,7340.38
Alleen,Turne,Alleen.Turne@yopmail.com,doctor,68,4573.49
Penelopa,Eliathas,Penelopa.Eliathas@yopmail.com,developer,64,3659.92
Sophia,Salchunas,Sophia.Salchunas@yopmail.com,firefighter,76,5117.94
Katleen,Loring,Katleen.Loring@yopmail.com,developer,47,8499.24
Jolyn,Masao,Jolyn.Masao@yopmail.com,firefighter,88,8112.53
Mireielle,Tice,Mireielle.Tice@yopmail.com,police officer,16,8077.85
Shaylyn,Ciro,Shaylyn.Ciro@yopmail.com,doctor,98,5374.73
Elfreda,Schalles,Elfreda.Schalles@yopmail.com,developer,70,5924.72
Lily,Jerald,Lily.Jerald@yopmail.com,developer,43,9145.78
Norine,Monk,Norine.Monk@yopmail.com,firefighter,86,8451.51
Valli,Bach,Valli.Bach@yopmail.com,firefighter,47,5381.38
Tera,Marsden,Tera.Marsden@yopmail.com,doctor,75,2306.85
Kerrin,Malvino,Kerrin.Malvino@yopmail.com,police officer,92,1541.71
Lanna,Rogerio,Lanna.Rogerio@yopmail.com,developer,52,4701.25
Beth,Newell,Beth.Newell@yopmail.com,police officer,30,8178.14
Flory,Lanita,Flory.Lanita@yopmail.com,police officer,15,5258.18
Sam,Robertson,Sam.Robertson@yopmail.com,doctor,31,8809.49
Maryellen,Bivins,Maryellen.Bivins@yopmail.com,developer,19,5358.85
Katleen,Taam,Katleen.Taam@yopmail.com,firefighter,58,6722.91
Feliza,Terrence,Feliza.Terrence@yopmail.com,developer,86,3122.23
Cristabel,Bennie,Cristabel.Bennie@yopmail.com,worker,10,4977.52
Libbie,Garrison,Libbie.Garrison@yopmail.com,firefighter,66,6728.72
Ardys,Hepsibah,Ardys.Hepsibah@yopmail.com,firefighter,72,7394.56
Nicoli,Firmin,Nicoli.Firmin@yopmail.com,developer,21,1022.09
Lindie,Lay,Lindie.Lay@yopmail.com,doctor,85,8272.04
Vevay,Merna,Vevay.Merna@yopmail.com,developer,36,2064.9
Kathi,Garek,Kathi.Garek@yopmail.com,doctor,11,9531.14
Merle,Remmer,Merle.Remmer@yopmail.com,developer,66,6418.64
Amalie,Harriman,Amalie.Harriman@yopmail.com,worker,22,5404.18
Cherilyn,Ralfston,Cherilyn.Ralfston@yopmail.com,doctor,47,7156.43
Cyb,Vins,Cyb.Vins@yopmail.com,police officer,42,3642.08
Lyssa,An,Lyssa.An@yopmail.com,doctor,4,7206.59
Britte,Norrie,Britte.Norrie@yopmail.com,firefighter,65,3098.98
Cyndie,Arquit,Cyndie.Arquit@yopmail.com,firefighter,77,8216.22
Flo,Chobot,Flo.Chobot@yopmail.com,doctor,74,8842.28
Doro,Chaing,Doro.Chaing@yopmail.com,worker,58,5422.15
Mathilda,Lowry,Mathilda.Lowry@yopmail.com,firefighter,16,5283.65
Zia,Yusuk,Zia.Yusuk@yopmail.com,developer,91,1462.07
Tatiania,Madelene,Tatiania.Madelene@yopmail.com,worker,52,2790.05
Chere,Pillsbury,Chere.Pillsbury@yopmail.com,police officer,50,7464.72
Elbertina,Ophelia,Elbertina.Ophelia@yopmail.com,developer,98,3032.42
Beth,Paton,Beth.Paton@yopmail.com,police officer,53,9814.86
Clementine,Janene,Clementine.Janene@yopmail.com,firefighter,76,9162.14
Kristan,Gordon,Kristan.Gordon@yopmail.com,doctor,31,2090.46
Roberta,Persse,Roberta.Persse@yopmail.com,doctor,27,7190.12
Blinni,Poppy,Blinni.Poppy@yopmail.com,police officer,76,2379.19
Elbertina,Salvidor,Elbertina.Salvidor@yopmail.com,doctor,81,1557.99
Fayre,Andrel,Fayre.Andrel@yopmail.com,police officer,37,7317.69
Gertrud,Stacy,Gertrud.Stacy@yopmail.com,firefighter,64,4261.26
Lusa,Land,Lusa.Land@yopmail.com,police officer,53,2578.3
Corene,Jorgan,Corene.Jorgan@yopmail.com,developer,73,6246.69
Brietta,Estella,Brietta.Estella@yopmail.com,police officer,49,1031.07
Lexine,Percy,Lexine.Percy@yopmail.com,worker,22,8224.74
Korrie,Miru,Korrie.Miru@yopmail.com,firefighter,24,9761.07
Trudie,Roche,Trudie.Roche@yopmail.com,doctor,3,6237.19
Ottilie,Anderea,Ottilie.Anderea@yopmail.com,police officer,6,8387.59
Tamqrah,Martguerita,Tamqrah.Martguerita@yopmail.com,worker,65,9231.34
Farrah,Olympium,Farrah.Olympium@yopmail.com,firefighter,51,1429.06
Marcy,Ruvolo,Marcy.Ruvolo@yopmail.com,police officer,85,1196.51
Shaine,Edee,Shaine.Edee@yopmail.com,doctor,87,3216.16
Penelopa,Elo,Penelopa.Elo@yopmail.com,police officer,16,8190.49
Corina,Gusella,Corina.Gusella@yopmail.com,worker,26,2343.25
Heida,Stanwood,Heida.Stanwood@yopmail.com,developer,37,7086.89
Nelle,Chinua,Nelle.Chinua@yopmail.com,doctor,41,7590.95
Meg,Stacy,Meg.Stacy@yopmail.com,firefighter,25,7837.01
Annaliese,Shields,Annaliese.Shields@yopmail.com,police officer,87,6202.25
Hope,Llovera,Hope.Llovera@yopmail.com,developer,28,1896.67
Corene,Eliathas,Corene.Eliathas@yopmail.com,worker,46,2857.42
Andree,Sancho,Andree.Sancho@yopmail.com,doctor,59,1212.18
Karly,Koehler,Karly.Koehler@yopmail.com,worker,56,6183.32
Krystle,Aaberg,Krystle.Aaberg@yopmail.com,doctor,26,1393.94
Lory,Montgomery,Lory.Montgomery@yopmail.com,doctor,26,2257.52
Romona,Joseph,Romona.Joseph@yopmail.com,doctor,49,9306.02
Sherrie,Dituri,Sherrie.Dituri@yopmail.com,doctor,73,4771.55
Laure,Cassius,Laure.Cassius@yopmail.com,firefighter,87,4095.87
Philis,Demitria,Philis.Demitria@yopmail.com,worker,83,2262.39
Melisent,Gino,Melisent.Gino@yopmail.com,doctor,33,5177.53
Gilligan,Hewitt,Gilligan.Hewitt@yopmail.com,developer,40,6870.47
Sashenka,Tarrant,Sashenka.Tarrant@yopmail.com,firefighter,60,9480.54
Magdalena,Croix,Magdalena.Croix@yopmail.com,police officer,61,8281.47
Jobi,Holbrook,Jobi.Holbrook@yopmail.com,developer,56,8606.35
Jolyn,Abernon,Jolyn.Abernon@yopmail.com,police officer,6,8834.37
Fidelia,Terencio,Fidelia.Terencio@yopmail.com,firefighter,14,9553.3
Doro,Oneida,Doro.Oneida@yopmail.com,doctor,44,1945.38
Vere,Nerita,Vere.Nerita@yopmail.com,developer,19,8087.14
Pamella,Abernon,Pamella.Abernon@yopmail.com,worker,26,7216.04
Elie,Karna,Elie.Karna@yopmail.com,firefighter,87,3203.03
Antonietta,Melony,Antonietta.Melony@yopmail.com,developer,5,1291.85
Alyda,Bettine,Alyda.Bettine@yopmail.com,firefighter,79,5712
Merci,Colyer,Merci.Colyer@yopmail.com,police officer,28,6008.41
Lonnie,Leifeste,Lonnie.Leifeste@yopmail.com,police officer,76,6339.85
Collen,Liva,Collen.Liva@yopmail.com,police officer,5,5913.34
Marnia,Leifeste,Marnia.Leifeste@yopmail.com,doctor,72,1454.28
Genovera,Killigrew,Genovera.Killigrew@yopmail.com,police officer,13,9296.45
Alyssa,Gusella,Alyssa.Gusella@yopmail.com,police officer,88,4970.43
Hettie,Pulsifer,Hettie.Pulsifer@yopmail.com,doctor,65,9260.03
Florie,Shirberg,Florie.Shirberg@yopmail.com,firefighter,78,3124.22
Moyna,Camden,Moyna.Camden@yopmail.com,worker,93,7872.09
Nikki,Krystle,Nikki.Krystle@yopmail.com,firefighter,52,4991.98
Ekaterina,Bettine,Ekaterina.Bettine@yopmail.com,worker,8,1208.97
Joleen,Martguerita,Joleen.Martguerita@yopmail.com,police officer,19,9348.56
Kaja,Tremayne,Kaja.Tremayne@yopmail.com,firefighter,73,6282.41
Romona,Berl,Romona.Berl@yopmail.com,police officer,8,5479.58
Janey,Tarrant,Janey.Tarrant@yopmail.com,doctor,51,3626.61
Brynna,Parsaye,Brynna.Parsaye@yopmail.com,police officer,3,5593.39
Barbara,Brandice,Barbara.Brandice@yopmail.com,police officer,15,6279.55
Tori,Llovera,Tori.Llovera@yopmail.com,police officer,18,3119.69
Heddie,Sibyls,Heddie.Sibyls@yopmail.com,worker,39,2980.37
Oona,Michella,Oona.Michella@yopmail.com,doctor,71,6664.46
Tybie,Pip,Tybie.Pip@yopmail.com,police officer,98,1436.13
Corry,Cordi,Corry.Cordi@yopmail.com,police officer,28,9612.29
Frank,Bergman,Frank.Bergman@yopmail.com,doctor,31,2540.66
Loree,Nahum,Loree.Nahum@yopmail.com,police officer,10,4526.67
Charlena,Odell,Charlena.Odell@yopmail.com,worker,84,1951.67
Vita,Joni,Vita.Joni@yopmail.com,developer,90,2532.74
Suzette,Ogren,Suzette.Ogren@yopmail.com,developer,23,4574.02
Joceline,Gilbertson,Joceline.Gilbertson@yopmail.com,firefighter,40,1208.17
Lanae,Faso,Lanae.Faso@yopmail.com,police officer,22,8322.62
Raquela,Nicoline,Raquela.Nicoline@yopmail.com,firefighter,39,9295.78
Sibella,Hoenack,Sibella.Hoenack@yopmail.com,police officer,83,5066.32
Keelia,Deny,Keelia.Deny@yopmail.com,police officer,80,4790.21
Cindelyn,Meli,Cindelyn.Meli@yopmail.com,worker,88,6087.77
Elbertina,Lubin,Elbertina.Lubin@yopmail.com,police officer,96,5300.31
Jaime,Norvol,Jaime.Norvol@yopmail.com,police officer,5,7075.99
Nita,Lemuela,Nita.Lemuela@yopmail.com,firefighter,55,2930.82
Cam,Edvard,Cam.Edvard@yopmail.com,doctor,88,4260.66
Lanae,Milson,Lanae.Milson@yopmail.com,police officer,84,7153.31
Deloria,Uird,Deloria.Uird@yopmail.com,developer,46,9992.16
June,Odysseus,June.Odysseus@yopmail.com,developer,97,6012.03
Damaris,Argus,Damaris.Argus@yopmail.com,police officer,3,5993.12
Reeba,Oscar,Reeba.Oscar@yopmail.com,doctor,38,5110.98
Jean,Hirsch,Jean.Hirsch@yopmail.com,worker,82,4390.63
Taffy,Linehan,Taffy.Linehan@yopmail.com,worker,98,9261.2
Antonietta,Sadowski,Antonietta.Sadowski@yopmail.com,worker,84,6818.56
Elbertina,Eben,Elbertina.Eben@yopmail.com,worker,84,8958.03
Starla,Terrence,Starla.Terrence@yopmail.com,firefighter,46,7010.15
Courtnay,Urania,Courtnay.Urania@yopmail.com,worker,78,8208.27
Rosene,Bethany,Rosene.Bethany@yopmail.com,firefighter,51,4553.44
Ardeen,Scammon,Ardeen.Scammon@yopmail.com,doctor,22,3764.18